{"cameraMode":{"drawMode":0,"name":"Shaded","section":"Shading Mode"},"sceneLighting":true,"audioPlay":false,"sceneViewState":{"showFog":true,"showMaterialUpdate":false,"showSkybox":true,"showFlares":true,"showImageEffects":true,"showParticleSystems":true},"in2DMode":false,"pivot":{"x":-7.9288763999938969,"y":-10.036727905273438,"z":-7.660552978515625},"rotation":{"x":-0.18077078461647035,"y":0.17655852437019349,"z":-0.033006321638822559,"w":-0.9669849872589111},"size":10.449999809265137,"orthographic":false}